,_id,question,school,selection
0,66fe4c6d2c95bc8004bc174c,0,ğŸ‡¸ğŸ‡°Slovakia,collect data for maps
1,66fe4c732c95bc8004bc174d,0,ğŸ‡¸ğŸ‡°Slovakia,assist peacekeeping missions
2,66fe4c882c95bc8004bc174e,0,ğŸ‡¸ğŸ‡°Slovakia,assist peacekeeping missions
3,66fe4c882c95bc8004bc174f,0,ğŸ‡¸ğŸ‡°Slovakia,build new houses
4,66fe4c882c95bc8004bc1750,0,ğŸ‡¸ğŸ‡°Slovakia,collect data for maps
5,66fe4c8b2c95bc8004bc1751,0,ğŸ‡¸ğŸ‡°Slovakia,assist peacekeeping missions
6,66fe4c8e2c95bc8004bc1752,0,ğŸ‡¸ğŸ‡°Slovakia,collect data for maps
7,66fe4c8f2c95bc8004bc1753,0,ğŸ‡¸ğŸ‡°Slovakia,assist peacekeeping missions
8,66fe4c8f2c95bc8004bc1754,0,ğŸ‡¸ğŸ‡°Slovakia,collect data for maps
9,66fe4c902c95bc8004bc1755,0,ğŸ‡¸ğŸ‡°Slovakia,assist peacekeeping missions
10,66fe4c962c95bc8004bc1756,0,ğŸ‡¸ğŸ‡°Slovakia,assist peacekeeping missions
11,66fe4c962c95bc8004bc1758,0,ğŸ‡¸ğŸ‡°Slovakia,collect data for maps
12,66fe4c962c95bc8004bc1757,0,ğŸ‡¸ğŸ‡°Slovakia,assist peacekeeping missions
13,66fe4c972c95bc8004bc1759,0,ğŸ‡¸ğŸ‡°Slovakia,collect data for maps
14,66fe4c9a2c95bc8004bc175a,0,ğŸ‡¸ğŸ‡°Slovakia,collect data for maps
15,66fe4c9b2c95bc8004bc175b,0,ğŸ‡®ğŸ‡¹Italy,I don't know
16,66fe4c9b2c95bc8004bc175c,0,ğŸ‡®ğŸ‡¹Italy,assist peacekeeping missions
17,66fe4c9b2c95bc8004bc175d,0,ğŸ‡®ğŸ‡¹Italy,build new houses
18,66fe4c9b2c95bc8004bc175e,0,ğŸ‡®ğŸ‡¹Italy,collect data for maps
19,66fe4c9b2c95bc8004bc175f,0,ğŸ‡¸ğŸ‡°Slovakia,collect data for maps
20,66fe4c9c2c95bc8004bc1760,0,ğŸ‡®ğŸ‡¹Italy,assist peacekeeping missions
21,66fe4c9d2c95bc8004bc1761,0,ğŸ‡®ğŸ‡¹Italy,assist peacekeeping missions
22,66fe4c9f2c95bc8004bc1762,0,ğŸ‡¸ğŸ‡°Slovakia,assist peacekeeping missions
23,66fe4c9f2c95bc8004bc1763,0,ğŸ‡¸ğŸ‡°Slovakia,collect data for maps
24,66fe4ca02c95bc8004bc1764,0,ğŸ‡®ğŸ‡¹Italy,assist peacekeeping missions
25,66fe4ca02c95bc8004bc1765,0,ğŸ‡µğŸ‡¹Portugal,I don't know
26,66fe4ca12c95bc8004bc1766,0,ğŸ‡¸ğŸ‡°Slovakia,assist peacekeeping missions
27,66fe4ca12c95bc8004bc1767,0,ğŸ‡¸ğŸ‡°Slovakia,collect data for maps
28,66fe4ca12c95bc8004bc1768,0,ğŸ‡¸ğŸ‡°Slovakia,assist peacekeeping missions
29,66fe4ca22c95bc8004bc1769,0,ğŸ‡®ğŸ‡¹Italy,I don't know
30,66fe4ca22c95bc8004bc176a,0,ğŸ‡¸ğŸ‡°Slovakia,build new houses
31,66fe4ca22c95bc8004bc176b,0,ğŸ‡¸ğŸ‡°Slovakia,collect data for maps
32,66fe4ca22c95bc8004bc176c,0,ğŸ‡¸ğŸ‡°Slovakia,assist peacekeeping missions
33,66fe4ca22c95bc8004bc176d,0,ğŸ‡¸ğŸ‡°Slovakia,collect data for maps
34,66fe4ca32c95bc8004bc176e,0,ğŸ‡¸ğŸ‡°Slovakia,assist peacekeeping missions
35,66fe4ca32c95bc8004bc176f,0,ğŸ‡¸ğŸ‡°Slovakia,collect data for maps
36,66fe4ca32c95bc8004bc1770,0,ğŸ‡¸ğŸ‡°Slovakia,assist peacekeeping missions
37,66fe4ca42c95bc8004bc1771,0,ğŸ‡¸ğŸ‡°Slovakia,collect data for maps
38,66fe4ca52c95bc8004bc1772,0,ğŸ‡¸ğŸ‡°Slovakia,assist peacekeeping missions
39,66fe4ca52c95bc8004bc1773,0,ğŸ‡¸ğŸ‡°Slovakia,collect data for maps
40,66fe4ca72c95bc8004bc1774,0,ğŸ‡¸ğŸ‡°Slovakia,assist peacekeeping missions
41,66fe4ca72c95bc8004bc1775,0,ğŸ‡¸ğŸ‡°Slovakia,collect data for maps
42,66fe4ca82c95bc8004bc1776,0,ğŸ‡®ğŸ‡¹Italy,assist peacekeeping missions
43,66fe4caa2c95bc8004bc1777,0,ğŸ‡®ğŸ‡¹Italy,assist peacekeeping missions
44,66fe4caa2c95bc8004bc1778,0,ğŸ‡¸ğŸ‡°Slovakia,assist peacekeeping missions
45,66fe4caa2c95bc8004bc1779,0,ğŸ‡¸ğŸ‡°Slovakia,collect data for maps
46,66fe4caa2c95bc8004bc177a,0,ğŸ‡ªğŸ‡¸Spain,assist peacekeeping missions
47,66fe4cab2c95bc8004bc177b,0,ğŸ‡®ğŸ‡¹Italy,collect data for maps
48,66fe4cac2c95bc8004bc177c,0,ğŸ‡ªğŸ‡¸Spain,I don't know
49,66fe4cad2c95bc8004bc177d,0,ğŸ‡®ğŸ‡¹Italy,collect data for maps
50,66fe4cad2c95bc8004bc177e,0,ğŸ‡ªğŸ‡¸Spain,collect data for maps
51,66fe4cad2c95bc8004bc177f,0,ğŸ‡ªğŸ‡¸Spain,I don't know
52,66fe4cae2c95bc8004bc1780,0,ğŸ‡¸ğŸ‡°Slovakia,collect data for maps
53,66fe4caf2c95bc8004bc1781,0,ğŸ‡®ğŸ‡¹Italy,collect data for maps
54,66fe4caf2c95bc8004bc1782,0,ğŸ‡®ğŸ‡¹Italy,I don't know
55,66fe4cb12c95bc8004bc1783,0,ğŸ‡ªğŸ‡¸Spain,assist peacekeeping missions
56,66fe4cb22c95bc8004bc1784,0,ğŸ‡¸ğŸ‡°Slovakia,collect data for maps
57,66fe4cb22c95bc8004bc1785,0,ğŸ‡®ğŸ‡¹Italy,I don't know
58,66fe4cb32c95bc8004bc1786,0,ğŸ‡®ğŸ‡¹Italy,collect data for maps
59,66fe4cb52c95bc8004bc1787,0,ğŸ‡ªğŸ‡¸Spain,I don't know
60,66fe4cb52c95bc8004bc1788,0,ğŸ‡ªğŸ‡¸Spain,collect data for maps
61,66fe4cb62c95bc8004bc1789,0,ğŸ‡®ğŸ‡¹Italy,assist peacekeeping missions
62,66fe4cb62c95bc8004bc178a,0,ğŸ‡®ğŸ‡¹Italy,collect data for maps
63,66fe4cb72c95bc8004bc178b,0,ğŸ‡®ğŸ‡¹Italy,assist peacekeeping missions
64,66fe4cbb2c95bc8004bc178c,0,ğŸ‡¸ğŸ‡°Slovakia,assist peacekeeping missions
65,66fe4cbb2c95bc8004bc178d,0,ğŸ‡¸ğŸ‡°Slovakia,collect data for maps
66,66fe4cbb2c95bc8004bc178e,0,ğŸ‡¸ğŸ‡°Slovakia,collect data for maps
67,66fe4cbc2c95bc8004bc178f,0,ğŸ‡¸ğŸ‡°Slovakia,assist peacekeeping missions
68,66fe4cbc2c95bc8004bc1790,0,ğŸ‡¸ğŸ‡°Slovakia,collect data for maps
69,66fe4cbc2c95bc8004bc1791,0,ğŸ‡®ğŸ‡¹Italy,assist peacekeeping missions
70,66fe4cbd2c95bc8004bc1792,0,ğŸ‡®ğŸ‡¹Italy,assist peacekeeping missions
71,66fe4cbd2c95bc8004bc1793,0,ğŸ‡¸ğŸ‡°Slovakia,assist peacekeeping missions
72,66fe4cbd2c95bc8004bc1795,0,ğŸ‡®ğŸ‡¹Italy,collect data for maps
73,66fe4cbd2c95bc8004bc1794,0,ğŸ‡¸ğŸ‡°Slovakia,collect data for maps
74,66fe4cbe2c95bc8004bc1796,0,ğŸ‡¸ğŸ‡°Slovakia,assist peacekeeping missions
75,66fe4cbf2c95bc8004bc1797,0,ğŸ‡¸ğŸ‡°Slovakia,assist peacekeeping missions
76,66fe4cbf2c95bc8004bc1798,0,ğŸ‡¸ğŸ‡°Slovakia,collect data for maps
77,66fe4cc22c95bc8004bc1799,0,ğŸ‡¸ğŸ‡°Slovakia,assist peacekeeping missions
78,66fe4cc22c95bc8004bc179a,0,ğŸ‡®ğŸ‡¹Italy,assist peacekeeping missions
79,66fe4cc22c95bc8004bc179b,0,ğŸ‡®ğŸ‡¹Italy,assist peacekeeping missions
80,66fe4cc22c95bc8004bc179c,0,ğŸ‡®ğŸ‡¹Italy,collect data for maps
81,66fe4cc22c95bc8004bc179d,0,ğŸ‡®ğŸ‡¹Italy,build new houses
82,66fe4cc72c95bc8004bc179e,0,ğŸ‡®ğŸ‡¹Italy,assist peacekeeping missions
83,66fe4cc72c95bc8004bc179f,0,ğŸ‡®ğŸ‡¹Italy,assist peacekeeping missions
84,66fe4cc72c95bc8004bc17a0,0,ğŸ‡®ğŸ‡¹Italy,collect data for maps
85,66fe4cc72c95bc8004bc17a1,0,ğŸ‡¸ğŸ‡°Slovakia,collect data for maps
86,66fe4cc82c95bc8004bc17a2,0,ğŸ‡®ğŸ‡¹Italy,assist peacekeeping missions
87,66fe4cc82c95bc8004bc17a3,0,ğŸ‡®ğŸ‡¹Italy,collect data for maps
88,66fe4cc82c95bc8004bc17a4,0,ğŸ‡¸ğŸ‡°Slovakia,assist peacekeeping missions
89,66fe4cca2c95bc8004bc17a5,0,ğŸ‡ªğŸ‡¸Spain,collect data for maps
90,66fe4ccb2c95bc8004bc17a6,0,ğŸ‡¸ğŸ‡°Slovakia,assist peacekeeping missions
91,66fe4ccb2c95bc8004bc17a7,0,ğŸ‡¸ğŸ‡°Slovakia,assist peacekeeping missions
92,66fe4ccb2c95bc8004bc17a8,0,ğŸ‡¸ğŸ‡°Slovakia,collect data for maps
93,66fe4ccd2c95bc8004bc17a9,0,ğŸ‡®ğŸ‡¹Italy,assist peacekeeping missions
94,66fe4ccd2c95bc8004bc17aa,0,ğŸ‡®ğŸ‡¹Italy,collect data for maps
95,66fe4cce2c95bc8004bc17ab,0,ğŸ‡ªğŸ‡¸Spain,assist peacekeeping missions
96,66fe4cce2c95bc8004bc17ac,0,ğŸ‡ªğŸ‡¸Spain,collect data for maps
97,66fe4cd02c95bc8004bc17ad,0,ğŸ‡®ğŸ‡¹Italy,assist peacekeeping missions
98,66fe4cd02c95bc8004bc17ae,0,ğŸ‡®ğŸ‡¹Italy,assist peacekeeping missions
99,66fe4cd02c95bc8004bc17af,0,ğŸ‡®ğŸ‡¹Italy,collect data for maps
100,66fe4cd22c95bc8004bc17b0,0,ğŸ‡¸ğŸ‡°Slovakia,assist peacekeeping missions
101,66fe4cd22c95bc8004bc17b1,0,ğŸ‡¸ğŸ‡°Slovakia,collect data for maps
102,66fe4cd22c95bc8004bc17b2,0,ğŸ‡®ğŸ‡¹Italy,I don't know
103,66fe4cd22c95bc8004bc17b3,0,ğŸ‡¸ğŸ‡°Slovakia,assist peacekeeping missions
104,66fe4cd32c95bc8004bc17b4,0,ğŸ‡¸ğŸ‡°Slovakia,collect data for maps
105,66fe4cd42c95bc8004bc17b5,0,ğŸ‡¸ğŸ‡°Slovakia,assist peacekeeping missions
106,66fe4cd42c95bc8004bc17b6,0,ğŸ‡¸ğŸ‡°Slovakia,collect data for maps
107,66fe4cd52c95bc8004bc17b7,0,ğŸ‡®ğŸ‡¹Italy,assist peacekeeping missions
108,66fe4cd52c95bc8004bc17b8,0,ğŸ‡®ğŸ‡¹Italy,collect data for maps
109,66fe4cd52c95bc8004bc17b9,0,ğŸ‡®ğŸ‡¹Italy,assist peacekeeping missions
110,66fe4cd52c95bc8004bc17ba,0,ğŸ‡ªğŸ‡¸Spain,assist peacekeeping missions
111,66fe4cd52c95bc8004bc17bb,0,ğŸ‡®ğŸ‡¹Italy,collect data for maps
112,66fe4cd82c95bc8004bc17bc,0,ğŸ‡®ğŸ‡¹Italy,assist peacekeeping missions
113,66fe4cd82c95bc8004bc17bd,0,ğŸ‡®ğŸ‡¹Italy,build new houses
114,66fe4cd92c95bc8004bc17be,0,ğŸ‡¸ğŸ‡°Slovakia,assist peacekeeping missions
115,66fe4cda2c95bc8004bc17bf,0,ğŸ‡¸ğŸ‡°Slovakia,collect data for maps
116,66fe4cdd2c95bc8004bc17c0,0,ğŸ‡ªğŸ‡¸Spain,assist peacekeeping missions
117,66fe4cdd2c95bc8004bc17c1,0,ğŸ‡®ğŸ‡¹Italy,assist peacekeeping missions
118,66fe4cdd2c95bc8004bc17c2,0,ğŸ‡¸ğŸ‡°Slovakia,assist peacekeeping missions
119,66fe4cdd2c95bc8004bc17c3,0,ğŸ‡ªğŸ‡¸Spain,collect data for maps
120,66fe4cdd2c95bc8004bc17c4,0,ğŸ‡®ğŸ‡¹Italy,collect data for maps
121,66fe4cdd2c95bc8004bc17c5,0,ğŸ‡¸ğŸ‡°Slovakia,collect data for maps
122,66fe4cdf2c95bc8004bc17c6,0,ğŸ‡¸ğŸ‡°Slovakia,assist peacekeeping missions
123,66fe4cdf2c95bc8004bc17c7,0,ğŸ‡¸ğŸ‡°Slovakia,collect data for maps
124,66fe4cdf2c95bc8004bc17c8,0,ğŸ‡®ğŸ‡¹Italy,I don't know
125,66fe4ce02c95bc8004bc17c9,0,ğŸ‡®ğŸ‡¹Italy,assist peacekeeping missions
126,66fe4ce02c95bc8004bc17ca,0,ğŸ‡®ğŸ‡¹Italy,assist peacekeeping missions
127,66fe4ce02c95bc8004bc17cb,0,ğŸ‡®ğŸ‡¹Italy,build new houses
128,66fe4ce12c95bc8004bc17cc,0,ğŸ‡®ğŸ‡¹Italy,assist peacekeeping missions
129,66fe4ce12c95bc8004bc17cd,0,ğŸ‡®ğŸ‡¹Italy,build new houses
130,66fe4ce52c95bc8004bc17ce,0,ğŸ‡®ğŸ‡¹Italy,assist peacekeeping missions
131,66fe4ce52c95bc8004bc17cf,0,ğŸ‡®ğŸ‡¹Italy,collect data for maps
132,66fe4ce82c95bc8004bc17d0,0,ğŸ‡¸ğŸ‡°Slovakia,assist peacekeeping missions
133,66fe4ce82c95bc8004bc17d1,0,ğŸ‡®ğŸ‡¹Italy,assist peacekeeping missions
134,66fe4ce82c95bc8004bc17d2,0,ğŸ‡ªğŸ‡¸Spain,assist peacekeeping missions
135,66fe4ce82c95bc8004bc17d3,0,ğŸ‡¸ğŸ‡°Slovakia,collect data for maps
136,66fe4ce92c95bc8004bc17d5,0,ğŸ‡ªğŸ‡¸Spain,collect data for maps
137,66fe4ce92c95bc8004bc17d4,0,ğŸ‡®ğŸ‡¹Italy,collect data for maps
138,66fe4ce92c95bc8004bc17d6,0,ğŸ‡®ğŸ‡¹Italy,I don't know
139,66fe4ce92c95bc8004bc17d7,0,ğŸ‡ªğŸ‡¸Spain,assist peacekeeping missions
140,66fe4cea2c95bc8004bc17d8,0,ğŸ‡ªğŸ‡¸Spain,collect data for maps
141,66fe4cec2c95bc8004bc17d9,0,ğŸ‡®ğŸ‡¹Italy,assist peacekeeping missions
142,66fe4ced2c95bc8004bc17da,0,ğŸ‡®ğŸ‡¹Italy,collect data for maps
143,66fe4ced2c95bc8004bc17db,0,ğŸ‡ªğŸ‡¸Spain,assist peacekeeping missions
144,66fe4cee2c95bc8004bc17dc,0,ğŸ‡ªğŸ‡¸Spain,collect data for maps
145,66fe4cee2c95bc8004bc17dd,0,ğŸ‡ªğŸ‡¸Spain,assist peacekeeping missions
146,66fe4cee2c95bc8004bc17de,0,ğŸ‡ªğŸ‡¸Spain,collect data for maps
147,66fe4cef2c95bc8004bc17df,0,ğŸ‡®ğŸ‡¹Italy,assist peacekeeping missions
148,66fe4cef2c95bc8004bc17e0,0,ğŸ‡®ğŸ‡¹Italy,collect data for maps
149,66fe4cf32c95bc8004bc17e1,0,ğŸ‡¸ğŸ‡°Slovakia,assist peacekeeping missions
150,66fe4cf32c95bc8004bc17e2,0,ğŸ‡ªğŸ‡¸Spain,collect data for maps
151,66fe4cf32c95bc8004bc17e3,0,ğŸ‡¸ğŸ‡°Slovakia,collect data for maps
152,66fe4cf42c95bc8004bc17e4,0,ğŸ‡ªğŸ‡¸Spain,collect data for maps
153,66fe4cf82c95bc8004bc17e5,0,ğŸ‡®ğŸ‡¹Italy,assist peacekeeping missions
154,66fe4cf82c95bc8004bc17e6,0,ğŸ‡®ğŸ‡¹Italy,collect data for maps
155,66fe4cf92c95bc8004bc17e7,0,ğŸ‡ªğŸ‡¸Spain,collect data for maps
156,66fe4cfb2c95bc8004bc17e8,0,ğŸ‡®ğŸ‡¹Italy,assist peacekeeping missions
157,66fe4cfc2c95bc8004bc17e9,0,ğŸ‡®ğŸ‡¹Italy,assist peacekeeping missions
158,66fe4cfc2c95bc8004bc17ea,0,ğŸ‡®ğŸ‡¹Italy,collect data for maps
159,66fe4cfc2c95bc8004bc17eb,0,ğŸ‡®ğŸ‡¹Italy,collect data for maps
160,66fe4cfd2c95bc8004bc17ec,0,ğŸ‡ªğŸ‡¸Spain,assist peacekeeping missions
161,66fe4cfd2c95bc8004bc17ed,0,ğŸ‡ªğŸ‡¸Spain,collect data for maps
162,66fe4cfe2c95bc8004bc17ee,0,ğŸ‡·ğŸ‡´Romania,I don't know
163,66fe4cfe2c95bc8004bc17ef,0,ğŸ‡·ğŸ‡´Romania,assist peacekeeping missions
164,66fe4cfe2c95bc8004bc17f0,0,ğŸ‡·ğŸ‡´Romania,build new houses
165,66fe4cfe2c95bc8004bc17f1,0,ğŸ‡·ğŸ‡´Romania,collect data for maps
166,66fe4d012c95bc8004bc17f2,0,ğŸ‡®ğŸ‡¹Italy,assist peacekeeping missions
167,66fe4d012c95bc8004bc17f3,0,ğŸ‡®ğŸ‡¹Italy,collect data for maps
168,66fe4d052c95bc8004bc17f4,0,ğŸ‡ªğŸ‡¸Spain,collect data for maps
169,66fe4d052c95bc8004bc17f5,0,ğŸ‡¸ğŸ‡°Slovakia,assist peacekeeping missions
170,66fe4d052c95bc8004bc17f6,0,ğŸ‡¸ğŸ‡°Slovakia,collect data for maps
171,66fe4d072c95bc8004bc17f7,0,ğŸ‡®ğŸ‡¹Italy,assist peacekeeping missions
172,66fe4d072c95bc8004bc17f8,0,ğŸ‡®ğŸ‡¹Italy,collect data for maps
173,66fe4d072c95bc8004bc17f9,0,ğŸ‡®ğŸ‡¹Italy,assist peacekeeping missions
174,66fe4d072c95bc8004bc17fa,0,ğŸ‡®ğŸ‡¹Italy,collect data for maps
175,66fe4d072c95bc8004bc17fb,0,ğŸ‡®ğŸ‡¹Italy,assist peacekeeping missions
176,66fe4d072c95bc8004bc17fc,0,ğŸ‡®ğŸ‡¹Italy,collect data for maps
177,66fe4d0d2c95bc8004bc17fd,0,ğŸ‡®ğŸ‡¹Italy,assist peacekeeping missions
178,66fe4d0d2c95bc8004bc17fe,0,ğŸ‡®ğŸ‡¹Italy,collect data for maps
179,66fe4d0f2c95bc8004bc17ff,0,ğŸ‡®ğŸ‡¹Italy,assist peacekeeping missions
180,66fe4d0f2c95bc8004bc1800,0,ğŸ‡®ğŸ‡¹Italy,collect data for maps
181,66fe4d102c95bc8004bc1801,0,ğŸ‡®ğŸ‡¹Italy,assist peacekeeping missions
182,66fe4d102c95bc8004bc1802,0,ğŸ‡®ğŸ‡¹Italy,collect data for maps
183,66fe4d112c95bc8004bc1803,0,ğŸ‡ªğŸ‡¸Spain,assist peacekeeping missions
184,66fe4d112c95bc8004bc1804,0,ğŸ‡ªğŸ‡¸Spain,collect data for maps
185,66fe4d192c95bc8004bc1805,0,ğŸ‡®ğŸ‡¹Italy,assist peacekeeping missions
186,66fe4d192c95bc8004bc1806,0,ğŸ‡®ğŸ‡¹Italy,collect data for maps
187,66fe4d1d2c95bc8004bc1807,0,ğŸ‡¸ğŸ‡°Slovakia,assist peacekeeping missions
188,66fe4d1d2c95bc8004bc1808,0,ğŸ‡¸ğŸ‡°Slovakia,collect data for maps
189,66fe4d6b2c95bc8004bc1809,0,ğŸ‡ªğŸ‡¸Spain,assist peacekeeping missions
190,66fe4d6b2c95bc8004bc180a,0,ğŸ‡ªğŸ‡¸Spain,collect data for maps
191,66fe4df02c95bc8004bc180b,0,ğŸ‡®ğŸ‡¹Italy,assist peacekeeping missions
192,66fe4df02c95bc8004bc180c,0,ğŸ‡®ğŸ‡¹Italy,collect data for maps
193,66fe4dff2c95bc8004bc180d,0,ğŸ‡®ğŸ‡¹Italy,I don't know
194,66fe4dff2c95bc8004bc180e,0,ğŸ‡®ğŸ‡¹Italy,assist peacekeeping missions
195,66fe4e002c95bc8004bc180f,0,ğŸ‡®ğŸ‡¹Italy,build new houses
196,66fe4e002c95bc8004bc1810,0,ğŸ‡®ğŸ‡¹Italy,collect data for maps
197,66fe50062c95bc8004bc1811,1,ğŸ‡¸ğŸ‡°Slovakia,They use satellite images to create maps
198,66fe50092c95bc8004bc1812,1,ğŸ‡¸ğŸ‡°Slovakia,They use satellite images to create maps
199,66fe500b2c95bc8004bc1813,1,ğŸ‡¸ğŸ‡°Slovakia,They use satellite images to create maps
200,66fe500b2c95bc8004bc1814,1,ğŸ‡¸ğŸ‡°Slovakia,They use satellite images to create maps
201,66fe500d2c95bc8004bc1815,1,ğŸ‡¸ğŸ‡°Slovakia,They use satellite images to create maps
202,66fe500e2c95bc8004bc1816,1,ğŸ‡¸ğŸ‡°Slovakia,They use satellite images to create maps
203,66fe500e2c95bc8004bc1817,1,ğŸ‡¸ğŸ‡°Slovakia,They use satellite images to create maps
204,66fe50112c95bc8004bc1818,1,ğŸ‡¸ğŸ‡°Slovakia,They use satellite images to create maps
205,66fe50122c95bc8004bc1819,1,ğŸ‡ªğŸ‡¸Spain,They use satellite images to create maps
206,66fe50122c95bc8004bc181a,1,ğŸ‡¸ğŸ‡°Slovakia,I don't know
207,66fe50122c95bc8004bc181b,1,ğŸ‡¸ğŸ‡°Slovakia,They use satellite images to create maps
208,66fe50142c95bc8004bc181c,1,ğŸ‡¸ğŸ‡°Slovakia,They use satellite images to create maps
209,66fe50152c95bc8004bc181d,1,ğŸ‡®ğŸ‡¹Italy,They use commercial map like Google
210,66fe50152c95bc8004bc181e,1,ğŸ‡¸ğŸ‡°Slovakia,They use satellite images to create maps
211,66fe50152c95bc8004bc181f,1,ğŸ‡¸ğŸ‡°Slovakia,I don't know
212,66fe50162c95bc8004bc1820,1,ğŸ‡¸ğŸ‡°Slovakia,They use satellite images to create maps
213,66fe50172c95bc8004bc1821,1,ğŸ‡¸ğŸ‡°Slovakia,They use satellite images to create maps
214,66fe50182c95bc8004bc1822,1,ğŸ‡¸ğŸ‡°Slovakia,They use satellite images to create maps
215,66fe50182c95bc8004bc1823,1,ğŸ‡¸ğŸ‡°Slovakia,They use satellite images to create maps
216,66fe50192c95bc8004bc1824,1,ğŸ‡®ğŸ‡¹Italy,They have to map on site
217,66fe501a2c95bc8004bc1825,1,ğŸ‡ªğŸ‡¸Spain,They use satellite images to create maps
218,66fe501b2c95bc8004bc1826,1,ğŸ‡®ğŸ‡¹Italy,They have to map on site
219,66fe501d2c95bc8004bc1827,1,ğŸ‡®ğŸ‡¹Italy,They have to map on site
220,66fe501e2c95bc8004bc1828,1,ğŸ‡®ğŸ‡¹Italy,They have to map on site
221,66fe50202c95bc8004bc1829,1,ğŸ‡¸ğŸ‡°Slovakia,They use satellite images to create maps
222,66fe50212c95bc8004bc182a,1,ğŸ‡®ğŸ‡¹Italy,They use commercial map like Google
223,66fe50222c95bc8004bc182b,1,ğŸ‡®ğŸ‡¹Italy,They have to map on site
224,66fe50222c95bc8004bc182c,1,ğŸ‡¸ğŸ‡°Slovakia,They use satellite images to create maps
225,66fe50222c95bc8004bc182d,1,ğŸ‡®ğŸ‡¹Italy,They use satellite images to create maps
226,66fe50222c95bc8004bc182e,1,ğŸ‡®ğŸ‡¹Italy,They use satellite images to create maps
227,66fe50232c95bc8004bc182f,1,ğŸ‡¸ğŸ‡°Slovakia,They use satellite images to create maps
228,66fe50242c95bc8004bc1830,1,ğŸ‡®ğŸ‡¹Italy,They use commercial map like Google
229,66fe502a2c95bc8004bc1831,1,ğŸ‡¸ğŸ‡°Slovakia,They use satellite images to create maps
230,66fe502c2c95bc8004bc1832,1,ğŸ‡¸ğŸ‡°Slovakia,They use satellite images to create maps
231,66fe502d2c95bc8004bc1833,1,ğŸ‡®ğŸ‡¹Italy,They use satellite images to create maps
232,66fe502e2c95bc8004bc1834,1,ğŸ‡®ğŸ‡¹Italy,They use satellite images to create maps
233,66fe502f2c95bc8004bc1835,1,ğŸ‡¸ğŸ‡°Slovakia,They use satellite images to create maps
234,66fe50302c95bc8004bc1836,1,ğŸ‡®ğŸ‡¹Italy,They use satellite images to create maps
235,66fe50312c95bc8004bc1837,1,ğŸ‡®ğŸ‡¹Italy,They use satellite images to create maps
236,66fe50312c95bc8004bc1838,1,ğŸ‡¸ğŸ‡°Slovakia,They use satellite images to create maps
237,66fe50312c95bc8004bc1839,1,ğŸ‡¸ğŸ‡°Slovakia,They use satellite images to create maps
238,66fe50312c95bc8004bc183a,1,ğŸ‡®ğŸ‡¹Italy,They use satellite images to create maps
239,66fe50312c95bc8004bc183b,1,ğŸ‡®ğŸ‡¹Italy,They use satellite images to create maps
240,66fe50322c95bc8004bc183c,1,ğŸ‡®ğŸ‡¹Italy,They use satellite images to create maps
241,66fe50322c95bc8004bc183d,1,ğŸ‡ªğŸ‡¸Spain,They use satellite images to create maps
242,66fe50332c95bc8004bc183e,1,ğŸ‡¸ğŸ‡°Slovakia,They use satellite images to create maps
243,66fe50342c95bc8004bc183f,1,ğŸ‡¸ğŸ‡°Slovakia,They use satellite images to create maps
244,66fe50352c95bc8004bc1840,1,ğŸ‡ªğŸ‡¸Spain,They use satellite images to create maps
245,66fe50352c95bc8004bc1841,1,ğŸ‡ªğŸ‡¸Spain,They use satellite images to create maps
246,66fe50362c95bc8004bc1842,1,ğŸ‡®ğŸ‡¹Italy,They use satellite images to create maps
247,66fe50362c95bc8004bc1843,1,ğŸ‡®ğŸ‡¹Italy,They use satellite images to create maps
248,66fe50362c95bc8004bc1844,1,ğŸ‡®ğŸ‡¹Italy,They use satellite images to create maps
249,66fe50372c95bc8004bc1845,1,ğŸ‡®ğŸ‡¹Italy,They use satellite images to create maps
250,66fe50372c95bc8004bc1846,1,ğŸ‡¸ğŸ‡°Slovakia,They use satellite images to create maps
251,66fe50372c95bc8004bc1847,1,ğŸ‡®ğŸ‡¹Italy,They use satellite images to create maps
252,66fe50382c95bc8004bc1848,1,ğŸ‡®ğŸ‡¹Italy,They use satellite images to create maps
253,66fe50382c95bc8004bc1849,1,ğŸ‡¸ğŸ‡°Slovakia,They use satellite images to create maps
254,66fe50382c95bc8004bc184a,1,ğŸ‡ªğŸ‡¸Spain,They use satellite images to create maps
255,66fe50382c95bc8004bc184b,1,ğŸ‡®ğŸ‡¹Italy,They use satellite images to create maps
256,66fe503a2c95bc8004bc184c,1,ğŸ‡¸ğŸ‡°Slovakia,They use satellite images to create maps
257,66fe503a2c95bc8004bc184d,1,ğŸ‡®ğŸ‡¹Italy,They use satellite images to create maps
258,66fe503b2c95bc8004bc184e,1,ğŸ‡¸ğŸ‡°Slovakia,They use satellite images to create maps
259,66fe503b2c95bc8004bc184f,1,ğŸ‡¸ğŸ‡°Slovakia,They use satellite images to create maps
260,66fe503b2c95bc8004bc1851,1,ğŸ‡®ğŸ‡¹Italy,They use satellite images to create maps
261,66fe503b2c95bc8004bc1852,1,ğŸ‡ªğŸ‡¸Spain,They use satellite images to create maps
262,66fe503b2c95bc8004bc1850,1,ğŸ‡¸ğŸ‡°Slovakia,They use satellite images to create maps
263,66fe503b2c95bc8004bc1853,1,ğŸ‡ªğŸ‡¸Spain,They use satellite images to create maps
264,66fe503c2c95bc8004bc1854,1,ğŸ‡ªğŸ‡¸Spain,They use satellite images to create maps
265,66fe503c2c95bc8004bc1855,1,ğŸ‡®ğŸ‡¹Italy,They use satellite images to create maps
266,66fe503c2c95bc8004bc1856,1,ğŸ‡ªğŸ‡¸Spain,They use satellite images to create maps
267,66fe503d2c95bc8004bc1857,1,ğŸ‡®ğŸ‡¹Italy,They use satellite images to create maps
268,66fe503d2c95bc8004bc1858,1,ğŸ‡¸ğŸ‡°Slovakia,They use satellite images to create maps
269,66fe503e2c95bc8004bc1859,1,ğŸ‡¸ğŸ‡°Slovakia,They use satellite images to create maps
270,66fe503e2c95bc8004bc185a,1,ğŸ‡µğŸ‡¹Portugal,I don't know
271,66fe503f2c95bc8004bc185b,1,ğŸ‡¸ğŸ‡°Slovakia,They use satellite images to create maps
272,66fe503f2c95bc8004bc185c,1,ğŸ‡µğŸ‡¹Portugal,I don't know
273,66fe50402c95bc8004bc185d,0,ğŸ‡µğŸ‡¹Portugal,I don't know
274,66fe50422c95bc8004bc185e,1,ğŸ‡¸ğŸ‡°Slovakia,They use satellite images to create maps
275,66fe50462c95bc8004bc185f,1,ğŸ‡¸ğŸ‡°Slovakia,They use commercial map like Google
276,66fe50462c95bc8004bc1860,1,ğŸ‡ªğŸ‡¸Spain,They use satellite images to create maps
277,66fe50462c95bc8004bc1861,1,ğŸ‡®ğŸ‡¹Italy,They use satellite images to create maps
278,66fe50472c95bc8004bc1862,1,ğŸ‡¸ğŸ‡°Slovakia,They use satellite images to create maps
279,66fe50492c95bc8004bc1863,1,ğŸ‡¸ğŸ‡°Slovakia,They use satellite images to create maps
280,66fe50492c95bc8004bc1864,1,ğŸ‡¸ğŸ‡°Slovakia,They use satellite images to create maps
281,66fe504b2c95bc8004bc1865,1,ğŸ‡¸ğŸ‡°Slovakia,They use satellite images to create maps
282,66fe504d2c95bc8004bc1866,1,ğŸ‡®ğŸ‡¹Italy,I don't know
283,66fe504d2c95bc8004bc1867,1,ğŸ‡¸ğŸ‡°Slovakia,They use satellite images to create maps
284,66fe504d2c95bc8004bc1868,1,ğŸ‡®ğŸ‡¹Italy,They use satellite images to create maps
285,66fe504e2c95bc8004bc1869,1,ğŸ‡®ğŸ‡¹Italy,They use satellite images to create maps
286,66fe50502c95bc8004bc186a,1,ğŸ‡¸ğŸ‡°Slovakia,They use satellite images to create maps
287,66fe50502c95bc8004bc186b,0,ğŸ‡ªğŸ‡¸Spain,collect data for maps
288,66fe50502c95bc8004bc186c,1,ğŸ‡ªğŸ‡¸Spain,They use satellite images to create maps
289,66fe50502c95bc8004bc186d,1,ğŸ‡®ğŸ‡¹Italy,They use satellite images to create maps
290,66fe50512c95bc8004bc186e,1,ğŸ‡ªğŸ‡¸Spain,I don't know
291,66fe50512c95bc8004bc186f,1,ğŸ‡¸ğŸ‡°Slovakia,They use satellite images to create maps
292,66fe50532c95bc8004bc1870,1,ğŸ‡¸ğŸ‡°Slovakia,They use satellite images to create maps
293,66fe50542c95bc8004bc1871,1,ğŸ‡®ğŸ‡¹Italy,They use satellite images to create maps
294,66fe50592c95bc8004bc1872,1,ğŸ‡¸ğŸ‡°Slovakia,They use satellite images to create maps
295,66fe505b2c95bc8004bc1873,1,ğŸ‡·ğŸ‡´Romania,They use commercial map like Google
296,66fe505f2c95bc8004bc1874,1,ğŸ‡ªğŸ‡¸Spain,They use satellite images to create maps
297,66fe50602c95bc8004bc1875,1,ğŸ‡¸ğŸ‡°Slovakia,They use satellite images to create maps
298,66fe50652c95bc8004bc1876,1,ğŸ‡¸ğŸ‡°Slovakia,They use satellite images to create maps
299,66fe50692c95bc8004bc1877,1,ğŸ‡¸ğŸ‡°Slovakia,They use satellite images to create maps
300,66fe506b2c95bc8004bc1878,1,ğŸ‡¸ğŸ‡°Slovakia,They use satellite images to create maps
301,66fe506e2c95bc8004bc1879,1,ğŸ‡ªğŸ‡¸Spain,They use satellite images to create maps
302,66fe50732c95bc8004bc187a,1,ğŸ‡¸ğŸ‡°Slovakia,They use satellite images to create maps
303,66fe50752c95bc8004bc187b,1,ğŸ‡¸ğŸ‡°Slovakia,They use satellite images to create maps
304,66fe50762c95bc8004bc187c,1,ğŸ‡¸ğŸ‡°Slovakia,They use satellite images to create maps
305,66fe50772c95bc8004bc187d,1,ğŸ‡®ğŸ‡¹Italy,I don't know
306,66fe50792c95bc8004bc187e,1,ğŸ‡¸ğŸ‡°Slovakia,They use satellite images to create maps
307,66fe507c2c95bc8004bc187f,1,ğŸ‡ªğŸ‡¸Spain,They use satellite images to create maps
308,66fe507f2c95bc8004bc1880,1,ğŸ‡ªğŸ‡¸Spain,They use satellite images to create maps
309,66fe507f2c95bc8004bc1881,1,ğŸ‡®ğŸ‡¹Italy,They use commercial map like Google
310,66fe50852c95bc8004bc1882,1,ğŸ‡¸ğŸ‡°Slovakia,They use satellite images to create maps
311,66fe50862c95bc8004bc1883,1,ğŸ‡®ğŸ‡¹Italy,They use commercial map like Google
312,66fe50872c95bc8004bc1884,1,ğŸ‡¸ğŸ‡°Slovakia,They use commercial map like Google
313,66fe508a2c95bc8004bc1885,1,ğŸ‡ªğŸ‡¸Spain,They use satellite images to create maps
314,66fe508b2c95bc8004bc1886,1,ğŸ‡ªğŸ‡¸Spain,They use satellite images to create maps
315,66fe50912c95bc8004bc1887,1,ğŸ‡ªğŸ‡¸Spain,They use satellite images to create maps
316,66fe50912c95bc8004bc1888,1,ğŸ‡¸ğŸ‡°Slovakia,They use satellite images to create maps
317,66fe50942c95bc8004bc1889,1,ğŸ‡¸ğŸ‡°Slovakia,They use satellite images to create maps
318,66fe509d2c95bc8004bc188a,1,ğŸ‡¸ğŸ‡°Slovakia,They use satellite images to create maps
319,66fe509e2c95bc8004bc188b,1,ğŸ‡ªğŸ‡¸Spain,They use satellite images to create maps
320,66fe50ac2c95bc8004bc188c,1,ğŸ‡¸ğŸ‡°Slovakia,They use satellite images to create maps
321,66fe50c12c95bc8004bc188d,1,ğŸ‡ªğŸ‡¸Spain,I don't know
322,66fe52a52c95bc8004bc188e,2,ğŸ‡¸ğŸ‡°Slovakia,I don't know
323,66fe52af2c95bc8004bc188f,2,ğŸ‡¸ğŸ‡°Slovakia,"Yes, I have already known"
324,66fe52b22c95bc8004bc1890,2,ğŸ‡ªğŸ‡¸Spain,"Yes, but not clearly"
325,66fe52b72c95bc8004bc1891,2,ğŸ‡ªğŸ‡¸Spain,"Yes, but not clearly"
326,66fe52b72c95bc8004bc1893,2,ğŸ‡¸ğŸ‡°Slovakia,"Yes, I have already known"
327,66fe52b72c95bc8004bc1892,2,ğŸ‡·ğŸ‡´Romania,I don't know
328,66fe52b82c95bc8004bc1894,2,ğŸ‡¸ğŸ‡°Slovakia,"Yes, I have already known"
329,66fe52b92c95bc8004bc1895,2,ğŸ‡®ğŸ‡¹Italy,"Yes, I have already known"
330,66fe52ba2c95bc8004bc1896,2,ğŸ‡¸ğŸ‡°Slovakia,"Yes, I have already known"
331,66fe52bb2c95bc8004bc1897,2,ğŸ‡¸ğŸ‡°Slovakia,"Yes, I have already known"
332,66fe52bb2c95bc8004bc1898,2,ğŸ‡®ğŸ‡¹Italy,"Yes, but not clearly"
333,66fe52bb2c95bc8004bc1899,2,ğŸ‡®ğŸ‡¹Italy,"Yes, I have already known"
334,66fe52bc2c95bc8004bc189a,2,ğŸ‡®ğŸ‡¹Italy,"Yes, I have already known"
335,66fe52bd2c95bc8004bc189b,2,ğŸ‡®ğŸ‡¹Italy,"Yes, I have already known"
336,66fe52be2c95bc8004bc189c,2,ğŸ‡®ğŸ‡¹Italy,"Yes, but not clearly"
337,66fe52be2c95bc8004bc189d,2,ğŸ‡¸ğŸ‡°Slovakia,"Yes, I have already known"
338,66fe52be2c95bc8004bc189e,2,ğŸ‡·ğŸ‡´Romania,I don't know
339,66fe52bf2c95bc8004bc189f,2,ğŸ‡·ğŸ‡´Romania,I don't know
340,66fe52bf2c95bc8004bc18a0,2,ğŸ‡®ğŸ‡¹Italy,"Yes, but not clearly"
341,66fe52bf2c95bc8004bc18a1,2,ğŸ‡¸ğŸ‡°Slovakia,"Yes, I have already known"
342,66fe52c12c95bc8004bc18a2,2,ğŸ‡¸ğŸ‡°Slovakia,I don't know
343,66fe52c12c95bc8004bc18a3,2,ğŸ‡®ğŸ‡¹Italy,"Yes, I have already known"
344,66fe52c22c95bc8004bc18a4,2,ğŸ‡¸ğŸ‡°Slovakia,"Yes, I have already known"
345,66fe52c22c95bc8004bc18a5,2,ğŸ‡¸ğŸ‡°Slovakia,I don't know
346,66fe52c32c95bc8004bc18a6,2,ğŸ‡®ğŸ‡¹Italy,"Yes, I have already known"
347,66fe52c42c95bc8004bc18a7,2,ğŸ‡®ğŸ‡¹Italy,"Yes, I have already known"
348,66fe52c52c95bc8004bc18a8,2,ğŸ‡®ğŸ‡¹Italy,"Yes, I have already known"
349,66fe52c62c95bc8004bc18a9,2,ğŸ‡¸ğŸ‡°Slovakia,"Yes, I have already known"
350,66fe52c62c95bc8004bc18aa,2,ğŸ‡¸ğŸ‡°Slovakia,"Yes, I have already known"
351,66fe52c62c95bc8004bc18ab,2,ğŸ‡¸ğŸ‡°Slovakia,"Yes, I have already known"
352,66fe52c72c95bc8004bc18ac,2,ğŸ‡¸ğŸ‡°Slovakia,I don't know
353,66fe52c72c95bc8004bc18ad,2,ğŸ‡¸ğŸ‡°Slovakia,"Yes, I have already known"
354,66fe52c92c95bc8004bc18ae,2,ğŸ‡ªğŸ‡¸Spain,I don't know
355,66fe52c92c95bc8004bc18af,2,ğŸ‡¸ğŸ‡°Slovakia,"Yes, but not clearly"
356,66fe52c92c95bc8004bc18b0,2,ğŸ‡¸ğŸ‡°Slovakia,"Yes, I have already known"
357,66fe52ca2c95bc8004bc18b1,2,ğŸ‡¸ğŸ‡°Slovakia,"Yes, I have already known"
358,66fe52cb2c95bc8004bc18b2,2,ğŸ‡ªğŸ‡¸Spain,"Yes, but not clearly"
359,66fe52cc2c95bc8004bc18b3,2,ğŸ‡ªğŸ‡¸Spain,"Yes, but not clearly"
360,66fe52cc2c95bc8004bc18b4,2,ğŸ‡ªğŸ‡¸Spain,"Yes, I have already known"
361,66fe52cd2c95bc8004bc18b5,0,ğŸ‡·ğŸ‡´Romania,I don't know
362,66fe52d02c95bc8004bc18b6,2,ğŸ‡ªğŸ‡¸Spain,"Yes, but not clearly"
363,66fe52d12c95bc8004bc18b7,2,ğŸ‡ªğŸ‡¸Spain,"Yes, I have already known"
364,66fe52d12c95bc8004bc18b8,2,ğŸ‡¸ğŸ‡°Slovakia,"Yes, but not clearly"
365,66fe52d22c95bc8004bc18b9,2,ğŸ‡ªğŸ‡¸Spain,"Yes, I have already known"
366,66fe52d22c95bc8004bc18ba,2,ğŸ‡¸ğŸ‡°Slovakia,I don't know
367,66fe52d32c95bc8004bc18bb,2,ğŸ‡¸ğŸ‡°Slovakia,"Yes, I have already known"
368,66fe52d32c95bc8004bc18bc,2,ğŸ‡®ğŸ‡¹Italy,I don't know
369,66fe52d72c95bc8004bc18bd,2,ğŸ‡¸ğŸ‡°Slovakia,"Yes, I have already known"
370,66fe52d92c95bc8004bc18be,2,ğŸ‡¸ğŸ‡°Slovakia,"Yes, I have already known"
371,66fe52db2c95bc8004bc18bf,2,ğŸ‡¸ğŸ‡°Slovakia,"Yes, I have already known"
372,66fe52dc2c95bc8004bc18c0,2,ğŸ‡¸ğŸ‡°Slovakia,"Yes, but not clearly"
373,66fe52dc2c95bc8004bc18c1,2,ğŸ‡®ğŸ‡¹Italy,"Yes, I have already known"
374,66fe52dc2c95bc8004bc18c2,2,ğŸ‡®ğŸ‡¹Italy,"Yes, I have already known"
375,66fe52de2c95bc8004bc18c3,2,ğŸ‡ªğŸ‡¸Spain,"Yes, but not clearly"
376,66fe52de2c95bc8004bc18c4,2,ğŸ‡ªğŸ‡¸Spain,I don't know
377,66fe52df2c95bc8004bc18c5,2,ğŸ‡ªğŸ‡¸Spain,"Yes, but not clearly"
378,66fe52df2c95bc8004bc18c6,2,ğŸ‡¸ğŸ‡°Slovakia,"Yes, but not clearly"
379,66fe52e12c95bc8004bc18c7,2,ğŸ‡ªğŸ‡¸Spain,I don't know
380,66fe52e12c95bc8004bc18c8,2,ğŸ‡¸ğŸ‡°Slovakia,"Yes, I have already known"
381,66fe52e22c95bc8004bc18c9,2,ğŸ‡¸ğŸ‡°Slovakia,"Yes, I have already known"
382,66fe52e22c95bc8004bc18ca,2,ğŸ‡ªğŸ‡¸Spain,I don't know
383,66fe52e22c95bc8004bc18cb,2,ğŸ‡®ğŸ‡¹Italy,"Yes, I have already known"
384,66fe52e52c95bc8004bc18cc,2,ğŸ‡®ğŸ‡¹Italy,"Yes, but not clearly"
385,66fe52e72c95bc8004bc18cd,2,ğŸ‡ªğŸ‡¸Spain,"Yes, I have already known"
386,66fe52ea2c95bc8004bc18ce,2,ğŸ‡¸ğŸ‡°Slovakia,"Yes, but not clearly"
387,66fe52ec2c95bc8004bc18cf,2,ğŸ‡®ğŸ‡¹Italy,"Yes, I have already known"
388,66fe52ef2c95bc8004bc18d0,2,ğŸ‡¸ğŸ‡°Slovakia,"Yes, I have already known"
389,66fe52f02c95bc8004bc18d1,2,ğŸ‡ªğŸ‡¸Spain,I don't know
390,66fe52f02c95bc8004bc18d2,2,ğŸ‡¸ğŸ‡°Slovakia,"Yes, but not clearly"
391,66fe52f22c95bc8004bc18d3,2,ğŸ‡¸ğŸ‡°Slovakia,"Yes, I have already known"
392,66fe52f62c95bc8004bc18d4,2,ğŸ‡®ğŸ‡¹Italy,"Yes, but not clearly"
393,66fe52f72c95bc8004bc18d5,2,ğŸ‡¸ğŸ‡°Slovakia,"Yes, I have already known"
394,66fe52f82c95bc8004bc18d6,2,ğŸ‡¸ğŸ‡°Slovakia,"Yes, I have already known"
395,66fe52f82c95bc8004bc18d7,2,ğŸ‡¸ğŸ‡°Slovakia,"Yes, but not clearly"
396,66fe52fa2c95bc8004bc18d8,2,ğŸ‡¸ğŸ‡°Slovakia,"Yes, I have already known"
397,66fe52fb2c95bc8004bc18d9,2,ğŸ‡¸ğŸ‡°Slovakia,"Yes, I have already known"
398,66fe52fc2c95bc8004bc18da,2,ğŸ‡®ğŸ‡¹Italy,"Yes, I have already known"
399,66fe52ff2c95bc8004bc18db,2,ğŸ‡®ğŸ‡¹Italy,"Yes, I have already known"
400,66fe530c2c95bc8004bc18dc,2,ğŸ‡®ğŸ‡¹Italy,"Yes, I have already known"
401,66fe530c2c95bc8004bc18dd,2,ğŸ‡¸ğŸ‡°Slovakia,"Yes, but not clearly"
402,66fe530e2c95bc8004bc18de,2,ğŸ‡¸ğŸ‡°Slovakia,"Yes, but not clearly"
403,66fe530e2c95bc8004bc18df,2,ğŸ‡¸ğŸ‡°Slovakia,"Yes, but not clearly"
404,66fe530e2c95bc8004bc18e0,2,ğŸ‡¸ğŸ‡°Slovakia,"Yes, but not clearly"
405,66fe530e2c95bc8004bc18e1,2,ğŸ‡¸ğŸ‡°Slovakia,"Yes, but not clearly"
406,66fe530f2c95bc8004bc18e2,2,ğŸ‡¸ğŸ‡°Slovakia,"Yes, but not clearly"
407,66fe530f2c95bc8004bc18e3,2,ğŸ‡¸ğŸ‡°Slovakia,"Yes, but not clearly"
408,66fe53152c95bc8004bc18e4,2,ğŸ‡¸ğŸ‡°Slovakia,"Yes, but not clearly"
409,66fe53192c95bc8004bc18e5,2,ğŸ‡®ğŸ‡¹Italy,"Yes, I have already known"
410,66fe53232c95bc8004bc18e6,2,ğŸ‡®ğŸ‡¹Italy,I don't know
411,66fe53332c95bc8004bc18e7,2,ğŸ‡®ğŸ‡¹Italy,"Yes, I have already known"
412,66fe534d2c95bc8004bc18e8,2,ğŸ‡®ğŸ‡¹Italy,"Yes, I have already known"
413,66ff045b4ce58a9989c8e1b5,0,ğŸ‡¸ğŸ‡°Slovakia,assist peacekeeping missions
414,66ff045c4ce58a9989c8e1b6,0,ğŸ‡¸ğŸ‡°Slovakia,collect data for maps
415,6706832de7152db444f1ab0e,0,ğŸ‡®ğŸ‡¹Italy,I don't know
416,6706834fe7152db444f1ab0f,0,ğŸ‡·ğŸ‡´Romania,collect data for maps
417,6706835be7152db444f1ab10,0,ğŸ‡·ğŸ‡´Romania,assist peacekeeping missions
418,6706835be7152db444f1ab11,0,ğŸ‡·ğŸ‡´Romania,collect data for maps
419,6706836ae7152db444f1ab12,0,ğŸ‡·ğŸ‡´Romania,assist peacekeeping missions
420,6706836ae7152db444f1ab13,0,ğŸ‡·ğŸ‡´Romania,collect data for maps
421,67068378e7152db444f1ab14,0,ğŸ‡·ğŸ‡´Romania,assist peacekeeping missions
422,67068378e7152db444f1ab15,0,ğŸ‡·ğŸ‡´Romania,collect data for maps
423,67068385e7152db444f1ab16,0,ğŸ‡·ğŸ‡´Romania,assist peacekeeping missions
424,67068385e7152db444f1ab17,0,ğŸ‡·ğŸ‡´Romania,collect data for maps
425,670683cee7152db444f1ab18,0,ğŸ‡µğŸ‡¹Portugal,assist peacekeeping missions
426,670683cee7152db444f1ab19,0,ğŸ‡µğŸ‡¹Portugal,collect data for maps
427,670683ebe7152db444f1ab1a,0,ğŸ‡µğŸ‡¹Portugal,assist peacekeeping missions
428,670683ebe7152db444f1ab1b,0,ğŸ‡µğŸ‡¹Portugal,build new houses
429,670683ede7152db444f1ab1c,0,ğŸ‡µğŸ‡¹Portugal,assist peacekeeping missions
430,670683ede7152db444f1ab1d,0,ğŸ‡µğŸ‡¹Portugal,collect data for maps
431,670683f1e7152db444f1ab1e,0,ğŸ‡µğŸ‡¹Portugal,assist peacekeeping missions
432,670683f1e7152db444f1ab1f,0,ğŸ‡µğŸ‡¹Portugal,build new houses
433,670683f1e7152db444f1ab20,0,ğŸ‡µğŸ‡¹Portugal,collect data for maps
434,670683f2e7152db444f1ab21,0,ğŸ‡µğŸ‡¹Portugal,assist peacekeeping missions
435,670683f2e7152db444f1ab22,0,ğŸ‡µğŸ‡¹Portugal,collect data for maps
436,67068404e7152db444f1ab23,0,ğŸ‡µğŸ‡¹Portugal,assist peacekeeping missions
437,67068404e7152db444f1ab24,0,ğŸ‡µğŸ‡¹Portugal,build new houses
438,67068404e7152db444f1ab25,0,ğŸ‡µğŸ‡¹Portugal,collect data for maps
439,67068423e7152db444f1ab26,0,ğŸ‡µğŸ‡¹Portugal,assist peacekeeping missions
440,67068423e7152db444f1ab27,0,ğŸ‡µğŸ‡¹Portugal,collect data for maps
441,6706842ee7152db444f1ab28,0,ğŸ‡µğŸ‡¹Portugal,assist peacekeeping missions
442,6706842ee7152db444f1ab29,0,ğŸ‡µğŸ‡¹Portugal,collect data for maps
443,6706843be7152db444f1ab2a,0,ğŸ‡µğŸ‡¹Portugal,assist peacekeeping missions
444,6706843be7152db444f1ab2b,0,ğŸ‡µğŸ‡¹Portugal,collect data for maps
445,67068463e7152db444f1ab2c,0,ğŸ‡µğŸ‡¹Portugal,assist peacekeeping missions
446,67068463e7152db444f1ab2d,0,ğŸ‡µğŸ‡¹Portugal,collect data for maps
447,67068625e7152db444f1ab2e,0,ğŸ‡µğŸ‡¹Portugal,assist peacekeeping missions
448,67068625e7152db444f1ab2f,0,ğŸ‡µğŸ‡¹Portugal,collect data for maps
449,67068702e7152db444f1ab30,1,ğŸ‡·ğŸ‡´Romania,They use satellite images to create maps
450,6706870be7152db444f1ab31,1,ğŸ‡µğŸ‡¹Portugal,They have to map on site
451,6706870de7152db444f1ab32,1,ğŸ‡·ğŸ‡´Romania,They use satellite images to create maps
452,6706870fe7152db444f1ab33,1,ğŸ‡®ğŸ‡¹Italy,They use satellite images to create maps
453,6706872be7152db444f1ab34,1,ğŸ‡·ğŸ‡´Romania,They use satellite images to create maps
454,67068739e7152db444f1ab35,1,ğŸ‡µğŸ‡¹Portugal,They use satellite images to create maps
455,67068746e7152db444f1ab36,1,ğŸ‡µğŸ‡¹Portugal,They use satellite images to create maps
456,67068765e7152db444f1ab37,1,ğŸ‡µğŸ‡¹Portugal,They use satellite images to create maps
457,67068768e7152db444f1ab38,1,ğŸ‡µğŸ‡¹Portugal,They use satellite images to create maps
458,6706876be7152db444f1ab39,1,ğŸ‡µğŸ‡¹Portugal,They use satellite images to create maps
459,6706876ee7152db444f1ab3a,1,ğŸ‡µğŸ‡¹Portugal,They use satellite images to create maps
460,67068796e7152db444f1ab3b,1,ğŸ‡µğŸ‡¹Portugal,They use satellite images to create maps
461,6706899be7152db444f1ab3c,2,ğŸ‡·ğŸ‡´Romania,"Yes, I have already known"
462,6706899ce7152db444f1ab3d,2,ğŸ‡®ğŸ‡¹Italy,I don't know
463,670689b2e7152db444f1ab3e,2,ğŸ‡µğŸ‡¹Portugal,"Yes, I have already known"
464,670689b3e7152db444f1ab3f,2,ğŸ‡·ğŸ‡´Romania,"Yes, I have already known"
465,670689b4e7152db444f1ab40,2,ğŸ‡µğŸ‡¹Portugal,"Yes, I have already known"
466,670689b4e7152db444f1ab41,2,ğŸ‡µğŸ‡¹Portugal,"Yes, I have already known"
467,670689bae7152db444f1ab42,2,ğŸ‡µğŸ‡¹Portugal,"Yes, I have already known"
468,670689c1e7152db444f1ab43,2,ğŸ‡·ğŸ‡´Romania,"Yes, but not clearly"
469,670689d2e7152db444f1ab44,2,ğŸ‡µğŸ‡¹Portugal,"Yes, I have already known"
470,670689dce7152db444f1ab45,2,ğŸ‡µğŸ‡¹Portugal,"Yes, but not clearly"
